{
  "title": "HSI Monthly Prediction 2025",
  "description": "Predicted Habitat Suitability Index for 12 months of 2025 using ARIMA with oceanographic parameters",
  "date_created": "2025-11-13 18:08:48",
  "model_type": "arima_with_oceanography",
  "prediction_year": 2025,
  "prediction_months": 12,
  "training_data": {
    "start": "2021-01",
    "end": "2024-12",
    "total_months": 48
  },
  "oceanographic_parameters": {
    "sst": {
      "name": "Sea Surface Temperature",
      "unit": "Kelvin",
      "source": "OSTIA L4"
    },
    "so": {
      "name": "Salinity",
      "unit": "1e-3 (PSU)",
      "source": "GLORYS12V1",
      "depth": "Surface layer"
    },
    "chl": {
      "name": "Chlorophyll-a",
      "unit": "mg/m3",
      "source": "GlobColour"
    }
  },
  "regression_model": {
    "type": "random_forest",
    "r2_score": 0.8780209541337338,
    "mae": 0.023728446864391534
  },
  "models_trained": 1030,
  "grid_info": {
    "lat_count": 32,
    "lon_count": 34,
    "total_points": 1088,
    "lat_range": [
      -6.770833492279053,
      -5.4791669845581055
    ],
    "lon_range": [
      104.5625,
      105.9375
    ]
  },
  "monthly_statistics": {
    "1": {
      "month": 1,
      "year": 2025,
      "mean": 0.7801067074231567,
      "std": 0.028954026439764746,
      "min": 0.6998828429606998,
      "max": 0.8461873703095689,
      "q25": 0.7584309938005236,
      "median": 0.7800242930665673,
      "q75": 0.8051652337028795,
      "valid_points": 1030
    },
    "2": {
      "month": 2,
      "year": 2025,
      "mean": 0.7444399843732414,
      "std": 0.025288401796974048,
      "min": 0.6532082683530289,
      "max": 0.81293094030537,
      "q25": 0.7299611987720556,
      "median": 0.7445795062939163,
      "q75": 0.7609205085537257,
      "valid_points": 1030
    },
    "3": {
      "month": 3,
      "year": 2025,
      "mean": 0.7130077508797539,
      "std": 0.028392114868153896,
      "min": 0.6208706334477763,
      "max": 0.8043126042385857,
      "q25": 0.6948420970422001,
      "median": 0.7140753474112512,
      "q75": 0.7337259453325387,
      "valid_points": 1030
    },
    "4": {
      "month": 4,
      "year": 2025,
      "mean": 0.6974449909732037,
      "std": 0.033346036752317176,
      "min": 0.6051464060238083,
      "max": 0.8019585920371923,
      "q25": 0.6712611454482902,
      "median": 0.6973327787181345,
      "q75": 0.7221168767567621,
      "valid_points": 1030
    },
    "5": {
      "month": 5,
      "year": 2025,
      "mean": 0.6885708553036872,
      "std": 0.037660632082478204,
      "min": 0.5947459692210488,
      "max": 0.8005891449707225,
      "q25": 0.6587974003063607,
      "median": 0.6904186230916893,
      "q75": 0.7156290105183503,
      "valid_points": 1030
    },
    "6": {
      "month": 6,
      "year": 2025,
      "mean": 0.6852352046820548,
      "std": 0.039437197630809925,
      "min": 0.5713909875018599,
      "max": 0.7997924688673648,
      "q25": 0.6542720785669928,
      "median": 0.6891725850310302,
      "q75": 0.7131147218823226,
      "valid_points": 1030
    },
    "7": {
      "month": 7,
      "year": 2025,
      "mean": 0.6858787034496677,
      "std": 0.03870467035805468,
      "min": 0.5639508694114772,
      "max": 0.7993290023857449,
      "q25": 0.6561670354301176,
      "median": 0.6893115637461222,
      "q75": 0.7130041256845246,
      "valid_points": 1030
    },
    "8": {
      "month": 8,
      "year": 2025,
      "mean": 0.688947433261977,
      "std": 0.03618432602790553,
      "min": 0.5702956482172865,
      "max": 0.7990593806678602,
      "q25": 0.6612865632639822,
      "median": 0.690861115223112,
      "q75": 0.7137682401843334,
      "valid_points": 1030
    },
    "9": {
      "month": 9,
      "year": 2025,
      "mean": 0.693060027467524,
      "std": 0.032822408540638705,
      "min": 0.5868123754178983,
      "max": 0.798902528179842,
      "q25": 0.668223915277652,
      "median": 0.6929544911447114,
      "q75": 0.7147427197429524,
      "valid_points": 1030
    },
    "10": {
      "month": 10,
      "year": 2025,
      "mean": 0.6971349592852704,
      "std": 0.029521796589215155,
      "min": 0.609198914582973,
      "max": 0.798811279213733,
      "q25": 0.6760266086816876,
      "median": 0.6954079962691333,
      "q75": 0.7169706542730543,
      "valid_points": 1030
    },
    "11": {
      "month": 11,
      "year": 2025,
      "mean": 0.7004502591373727,
      "std": 0.026997631315399062,
      "min": 0.627351943717684,
      "max": 0.7987581951095459,
      "q25": 0.6829170920714314,
      "median": 0.6984729243452679,
      "q75": 0.7179811472670589,
      "valid_points": 1030
    },
    "12": {
      "month": 12,
      "year": 2025,
      "mean": 0.7026493849984654,
      "std": 0.02563527252902063,
      "min": 0.627351943717684,
      "max": 0.7987273134213746,
      "q25": 0.6872204500555952,
      "median": 0.7008005480730495,
      "q75": 0.7171156456136967,
      "valid_points": 1030
    }
  },
  "available_predictions": [
    {
      "month": 1,
      "year": 2025,
      "file": "hsi_prediction_2025_01.geojson",
      "features": 1030
    },
    {
      "month": 2,
      "year": 2025,
      "file": "hsi_prediction_2025_02.geojson",
      "features": 1030
    },
    {
      "month": 3,
      "year": 2025,
      "file": "hsi_prediction_2025_03.geojson",
      "features": 1030
    },
    {
      "month": 4,
      "year": 2025,
      "file": "hsi_prediction_2025_04.geojson",
      "features": 1030
    },
    {
      "month": 5,
      "year": 2025,
      "file": "hsi_prediction_2025_05.geojson",
      "features": 1030
    },
    {
      "month": 6,
      "year": 2025,
      "file": "hsi_prediction_2025_06.geojson",
      "features": 1030
    },
    {
      "month": 7,
      "year": 2025,
      "file": "hsi_prediction_2025_07.geojson",
      "features": 1030
    },
    {
      "month": 8,
      "year": 2025,
      "file": "hsi_prediction_2025_08.geojson",
      "features": 1030
    },
    {
      "month": 9,
      "year": 2025,
      "file": "hsi_prediction_2025_09.geojson",
      "features": 1030
    },
    {
      "month": 10,
      "year": 2025,
      "file": "hsi_prediction_2025_10.geojson",
      "features": 1030
    },
    {
      "month": 11,
      "year": 2025,
      "file": "hsi_prediction_2025_11.geojson",
      "features": 1030
    },
    {
      "month": 12,
      "year": 2025,
      "file": "hsi_prediction_2025_12.geojson",
      "features": 1030
    }
  ],
  "total_predictions": 12,
  "note": "Predictions based on ARIMA models trained on historical data (2021-2024) with oceanographic parameters."
}